[1] "chanberg_chantal.amrhein@uzh.ch"
[1] 69.39727
[1] 25.32479
[1] "lmu-simon_riess.simon@yahoo.de"
[1] 61.49148
[1] 25.08987
[1] "cfedermann_cfedermann@gmail.com"
[1] 55.12903
[1] 26.74318
[1] "UE_Caelan_dark1thought@hotmail.co.uk"
[1] 64.82742
[1] 22.63593
[1] "petra.grycova_grpet@seznam.cz"
[1] 54.7
[1] 22.32975
[1] "yvesscherrer_yves.scherrer@gmail.com"
[1] 55.32471
[1] 28.54002
[1] "Natalia_Natalia.Zheleznyak@promt.ru"
[1] 57.735
[1] 28.80954
[1] "msperber_matthias.sperber@kit.edu"
[1] 69.63333
[1] 28.95899
[1] "laufrant_lauriane.aufrant@limsi.fr"
[1] 73.05
[1] 19.04572
[1] "jorgtied_jorg.tiedemann@helsinki.fi"
[1] 57.47917
[1] 25.57309
[1] "jtp_qt21_peter@cs.rwth-aachen.de"
[1] 77.02609
[1] 19.9508
[1] "Christopher_Christopher.Brix@rwth-aachen.de"
[1] 62.78
[1] 31.2525
[1] "jniehues_jan.niehues@kit.edu"
[1] 65.35833
[1] 26.4098
[1] "thanhleha_thanh-le.ha@kit.edu"
[1] 60.31959
[1] 26.89778
[1] "julian_schamper@i6.informatik.rwth-aachen.de"
[1] 77.06667
[1] 16.9451
[1] "rsennrich_rico.sennrich@ed.ac.uk"
[1] 72.8375
[1] 24.79457
[1] "jtp_peter@cs.rwth-aachen.de"
[1] 62.17418
[1] 29.7175
[1] "guta_guta@cs.rwth-aachen.de"
[1] 57.08431
[1] 31.44682
[1] "mhuck_mhuck@cis.lmu.de"
[1] 66.86369
[1] 25.28119
[1] "m4t1ss_matiss@lielakeda.lv"
[1] 45.11111
[1] 25.84785
[1] "maja.popovic_maja.popovic.166@gmail.com"
[1] 58.22535
[1] 27.80247
[1] "adela.kaluzova_kaluzova@ufal.mff.cuni.cz"
[1] 70.94286
[1] 21.71347
[1] "jana.olivova_Jana.stoper@post.cz"
[1] 51.40204
[1] 24.76515
[1] "maja.popovic.166_maja.popovic.166@gmail.com"
[1] 61.42308
[1] 26.33301
[1] "TobiasStaron_staron@informatik.uni-hamburg.de"
[1] 59.275
[1] 25.63965
[1] "stefym_stefaniaduma@gmail.com"
[1] 77
[1] 11.09054
